{
  "test_cer": 0.029006252686187627,
  "test_char_accuracy": 0.9709937473138124,
  "best_val_cer": 0.029006252686187627
}